Merger time,file
1205951542.153363,waveforms/Dataset1.csv
1210828212.1647525,waveforms/Dataset2.csv
1227883551.1677902,waveforms/Dataset3.csv
1227982072.3427582,waveforms/Dataset4.csv
1216673043.6213973,waveforms/Dataset5.csv
1215623555.829013,waveforms/Dataset6.csv
1199268643.7368336,waveforms/Dataset7.csv
1229639049.1706457,waveforms/Dataset8.csv
1216871057.5175905,waveforms/Dataset9.csv
1223768866.6345797,waveforms/Dataset10.csv
1216509290.9136755,waveforms/Dataset11.csv
1226467662.1779919,waveforms/Dataset12.csv
1217223217.6485434,waveforms/Dataset13.csv
1221154306.1243713,waveforms/Dataset14.csv
1203484168.9219773,waveforms/Dataset15.csv
1212311640.5040915,waveforms/Dataset16.csv
1220682535.1321743,waveforms/Dataset17.csv
1202099306.2632728,waveforms/Dataset18.csv
1212663408.7784595,waveforms/Dataset19.csv
1204041368.93001,waveforms/Dataset20.csv
1214788096.052471,waveforms/Dataset21.csv
1224629133.0113995,waveforms/Dataset22.csv
1201641623.98627,waveforms/Dataset23.csv
1224030986.1218905,waveforms/Dataset24.csv
1216621842.6984134,waveforms/Dataset25.csv
1217385687.4355597,waveforms/Dataset26.csv
1205047320.3259723,waveforms/Dataset27.csv
1212553443.3003654,waveforms/Dataset28.csv
1208131639.0453963,waveforms/Dataset29.csv
1199984436.8684967,waveforms/Dataset30.csv
1199767695.1260011,waveforms/Dataset31.csv
1213089137.2863462,waveforms/Dataset32.csv
1222290051.5306973,waveforms/Dataset33.csv
1216374885.931071,waveforms/Dataset34.csv
1210944960.475897,waveforms/Dataset35.csv
1204100361.7429886,waveforms/Dataset36.csv
1225235427.0097117,waveforms/Dataset37.csv
1217691715.4847457,waveforms/Dataset38.csv
1223483712.5081735,waveforms/Dataset39.csv
1225558603.5602317,waveforms/Dataset40.csv
